<?xml version='1.0' encoding='UTF-8'?>
<types:mule xmlns:types="http://www.mulesoft.org/schema/mule/types">
  <types:catalog>
    <types:type name="auto_1ffa7159-0dc5-4bdb-9bb0-6cc6d46563ef_Input-Payload" format="json">
      <types:shape format="weave" example="weave/autogenerated/1ffa7159-0dc5-4bdb-9bb0-6cc6d46563ef/Input-Payload.wev" autogeneratedOrigin="066973fc-ab77-4a66-a7d9-649c774c6882"><![CDATA[%dw 2.0

type auto_1ffa7159_0dc5_4bdb_9bb0_6cc6d46563ef_Input_Payload = Any

]]></types:shape>
    </types:type>
    <types:type name="auto_1ffa7159-0dc5-4bdb-9bb0-6cc6d46563ef_Input-Attributes" format="java">
      <types:shape format="weave" example="weave/autogenerated/1ffa7159-0dc5-4bdb-9bb0-6cc6d46563ef/Input-Attributes.wev" autogeneratedOrigin="066973fc-ab77-4a66-a7d9-649c774c6882"><![CDATA[%dw 2.0

type auto_1ffa7159_0dc5_4bdb_9bb0_6cc6d46563ef_Input_Attributes = {|
  destination: String, 
  headers: { _?: java_lang_Object }, 
  properties: { _?: java_lang_Object_3 }, 
  messageId: String, 
  deliveryCount: Number, 
  contentType?: String, 
  ackToken?: String
|} {"typeAlias": "AnypointMQMessageAttributes",
"typeId": "com.mulesoft.extension.mq.api.attributes.AnypointMQMessageAttributes"}
type java_lang_Object_3 = {|  |} {"typeAlias": "Object",
"class": "java.lang.Object",
"typeId": "java.lang.Object"}


type java_lang_Object = {|  |} {"typeAlias": "Object",
"class": "java.lang.Object",
"typeId": "java.lang.Object"}



]]></types:shape>
    </types:type>
    <types:type name="auto_1ffa7159-0dc5-4bdb-9bb0-6cc6d46563ef_Output-Payload" format="json">
      <types:shape format="weave" example="weave/autogenerated/1ffa7159-0dc5-4bdb-9bb0-6cc6d46563ef/Output-Payload.wev" autogeneratedOrigin="066973fc-ab77-4a66-a7d9-649c774c6882"><![CDATA[%dw 2.0

type auto_1ffa7159_0dc5_4bdb_9bb0_6cc6d46563ef_Output_Payload = Any

]]></types:shape>
    </types:type>
    <types:type name="auto_1ffa7159-0dc5-4bdb-9bb0-6cc6d46563ef_Output-Attributes" format="java">
      <types:shape format="weave" example="weave/autogenerated/1ffa7159-0dc5-4bdb-9bb0-6cc6d46563ef/Output-Attributes.wev" autogeneratedOrigin="066973fc-ab77-4a66-a7d9-649c774c6882"><![CDATA[%dw 2.0

type auto_1ffa7159_0dc5_4bdb_9bb0_6cc6d46563ef_Output_Attributes = {|
  destination: String, 
  headers: { _?: java_lang_Object }, 
  properties: { _?: java_lang_Object_3 }, 
  messageId: String, 
  deliveryCount: Number, 
  contentType?: String, 
  ackToken?: String
|} {"typeAlias": "AnypointMQMessageAttributes",
"typeId": "com.mulesoft.extension.mq.api.attributes.AnypointMQMessageAttributes"}
type java_lang_Object_3 = {|  |} {"typeAlias": "Object",
"class": "java.lang.Object",
"typeId": "java.lang.Object"}


type java_lang_Object = {|  |} {"typeAlias": "Object",
"class": "java.lang.Object",
"typeId": "java.lang.Object"}



]]></types:shape>
    </types:type>
    <types:type name="auto_a1684b27-b5e8-47b4-8e31-4784912ad2f1_Input-Payload" format="java">
      <types:shape format="weave" example="weave/autogenerated/a1684b27-b5e8-47b4-8e31-4784912ad2f1/Input-Payload.wev" autogeneratedOrigin="921aacf3-7d71-4bc1-bea0-6aa33cd27df0"><![CDATA[%dw 2.0

type auto_a1684b27_b5e8_47b4_8e31_4784912ad2f1_Input_Payload = Any

]]></types:shape>
    </types:type>
    <types:type name="auto_a1684b27-b5e8-47b4-8e31-4784912ad2f1_Input-Attributes" format="java">
      <types:shape format="weave" example="weave/autogenerated/a1684b27-b5e8-47b4-8e31-4784912ad2f1/Input-Attributes.wev" autogeneratedOrigin="921aacf3-7d71-4bc1-bea0-6aa33cd27df0"><![CDATA[%dw 2.0

type auto_a1684b27_b5e8_47b4_8e31_4784912ad2f1_Input_Attributes = Null

]]></types:shape>
    </types:type>
    <types:type name="auto_a1684b27-b5e8-47b4-8e31-4784912ad2f1_Input-Variables-orignalPayload" format="json">
      <types:shape format="weave" example="weave/autogenerated/a1684b27-b5e8-47b4-8e31-4784912ad2f1/Input-Variables-orignalPayload.wev" autogeneratedOrigin="921aacf3-7d71-4bc1-bea0-6aa33cd27df0"><![CDATA[%dw 2.0

type auto_a1684b27_b5e8_47b4_8e31_4784912ad2f1_Input_Variables_orignalPayload = Any

]]></types:shape>
    </types:type>
    <types:type name="auto_a1684b27-b5e8-47b4-8e31-4784912ad2f1_Input-Variables-rootMessage" format="java">
      <types:shape format="weave" example="weave/autogenerated/a1684b27-b5e8-47b4-8e31-4784912ad2f1/Input-Variables-rootMessage.wev" autogeneratedOrigin="921aacf3-7d71-4bc1-bea0-6aa33cd27df0"><![CDATA[%dw 2.0

type auto_a1684b27_b5e8_47b4_8e31_4784912ad2f1_Input_Variables_rootMessage = {|
  payload: Any, 
  attributes: com_mulesoft_extension_mq_api_attributes_AnypointMQMessageAttributes
|} {"typeId": "org.mule.runtime.api.message.Message"}
type com_mulesoft_extension_mq_api_attributes_AnypointMQMessageAttributes = {|
  destination: String, 
  headers: { _?: java_lang_Object }, 
  properties: { _?: java_lang_Object }, 
  messageId: String, 
  deliveryCount: Number, 
  contentType?: String, 
  ackToken?: String
|} {"typeAlias": "AnypointMQMessageAttributes",
"typeId": "com.mulesoft.extension.mq.api.attributes.AnypointMQMessageAttributes"}
type java_lang_Object = java_lang_Object





]]></types:shape>
    </types:type>
    <types:type name="auto_a1684b27-b5e8-47b4-8e31-4784912ad2f1_Input-Variables-msgDeliveryCount" format="java">
      <types:shape format="weave" example="weave/autogenerated/a1684b27-b5e8-47b4-8e31-4784912ad2f1/Input-Variables-msgDeliveryCount.wev" autogeneratedOrigin="921aacf3-7d71-4bc1-bea0-6aa33cd27df0"><![CDATA[%dw 2.0

type auto_a1684b27_b5e8_47b4_8e31_4784912ad2f1_Input_Variables_msgDeliveryCount = Null

]]></types:shape>
    </types:type>
    <types:type name="auto_a1684b27-b5e8-47b4-8e31-4784912ad2f1_Input-Variables-orderId" format="java">
      <types:shape format="weave" example="weave/autogenerated/a1684b27-b5e8-47b4-8e31-4784912ad2f1/Input-Variables-orderId.wev" autogeneratedOrigin="921aacf3-7d71-4bc1-bea0-6aa33cd27df0"><![CDATA[%dw 2.0

type auto_a1684b27_b5e8_47b4_8e31_4784912ad2f1_Input_Variables_orderId = Any

]]></types:shape>
    </types:type>
    <types:type name="auto_a1684b27-b5e8-47b4-8e31-4784912ad2f1_Input-Variables-mqMsgId" format="java">
      <types:shape format="weave" example="weave/autogenerated/a1684b27-b5e8-47b4-8e31-4784912ad2f1/Input-Variables-mqMsgId.wev" autogeneratedOrigin="921aacf3-7d71-4bc1-bea0-6aa33cd27df0"><![CDATA[%dw 2.0

type auto_a1684b27_b5e8_47b4_8e31_4784912ad2f1_Input_Variables_mqMsgId = Null

]]></types:shape>
    </types:type>
    <types:type name="auto_a1684b27-b5e8-47b4-8e31-4784912ad2f1_Input-Variables-dbRequest" format="json">
      <types:shape format="weave" example="weave/autogenerated/a1684b27-b5e8-47b4-8e31-4784912ad2f1/Input-Variables-dbRequest.wev" autogeneratedOrigin="921aacf3-7d71-4bc1-bea0-6aa33cd27df0"><![CDATA[%dw 2.0

type auto_a1684b27_b5e8_47b4_8e31_4784912ad2f1_Input_Variables_dbRequest = {| email: Any |}

]]></types:shape>
    </types:type>
    <types:type name="auto_a1684b27-b5e8-47b4-8e31-4784912ad2f1_Input-Variables-correlationId" format="java">
      <types:shape format="raml" autogeneratedOrigin="921aacf3-7d71-4bc1-bea0-6aa33cd27df0"><![CDATA[#%RAML 1.0 DataType
type: string]]></types:shape>
    </types:type>
    <types:type name="auto_a1684b27-b5e8-47b4-8e31-4784912ad2f1_Input-Variables-counter" format="java">
      <types:shape format="raml" autogeneratedOrigin="921aacf3-7d71-4bc1-bea0-6aa33cd27df0"><![CDATA[#%RAML 1.0 DataType
type: number]]></types:shape>
    </types:type>
    <types:type name="auto_a1684b27-b5e8-47b4-8e31-4784912ad2f1_Output-Payload" format="java">
      <types:shape format="weave" example="weave/autogenerated/a1684b27-b5e8-47b4-8e31-4784912ad2f1/Output-Payload.wev" autogeneratedOrigin="921aacf3-7d71-4bc1-bea0-6aa33cd27df0"><![CDATA[%dw 2.0

type auto_a1684b27_b5e8_47b4_8e31_4784912ad2f1_Output_Payload = Any

]]></types:shape>
    </types:type>
    <types:type name="auto_a1684b27-b5e8-47b4-8e31-4784912ad2f1_Output-Attributes" format="java">
      <types:shape format="weave" example="weave/autogenerated/a1684b27-b5e8-47b4-8e31-4784912ad2f1/Output-Attributes.wev" autogeneratedOrigin="921aacf3-7d71-4bc1-bea0-6aa33cd27df0"><![CDATA[%dw 2.0

type auto_a1684b27_b5e8_47b4_8e31_4784912ad2f1_Output_Attributes = Null

]]></types:shape>
    </types:type>
    <types:type name="auto_a1684b27-b5e8-47b4-8e31-4784912ad2f1_Output-Variables-orignalPayload" format="json">
      <types:shape format="weave" example="weave/autogenerated/a1684b27-b5e8-47b4-8e31-4784912ad2f1/Output-Variables-orignalPayload.wev" autogeneratedOrigin="921aacf3-7d71-4bc1-bea0-6aa33cd27df0"><![CDATA[%dw 2.0

type auto_a1684b27_b5e8_47b4_8e31_4784912ad2f1_Output_Variables_orignalPayload = Any

]]></types:shape>
    </types:type>
    <types:type name="auto_a1684b27-b5e8-47b4-8e31-4784912ad2f1_Output-Variables-rootMessage" format="java">
      <types:shape format="weave" example="weave/autogenerated/a1684b27-b5e8-47b4-8e31-4784912ad2f1/Output-Variables-rootMessage.wev" autogeneratedOrigin="921aacf3-7d71-4bc1-bea0-6aa33cd27df0"><![CDATA[%dw 2.0

type auto_a1684b27_b5e8_47b4_8e31_4784912ad2f1_Output_Variables_rootMessage = {|
  payload: Any, 
  attributes: com_mulesoft_extension_mq_api_attributes_AnypointMQMessageAttributes
|} {"typeId": "org.mule.runtime.api.message.Message"}
type com_mulesoft_extension_mq_api_attributes_AnypointMQMessageAttributes = {|
  destination: String, 
  headers: { _?: java_lang_Object }, 
  properties: { _?: java_lang_Object }, 
  messageId: String, 
  deliveryCount: Number, 
  contentType?: String, 
  ackToken?: String
|} {"typeAlias": "AnypointMQMessageAttributes",
"typeId": "com.mulesoft.extension.mq.api.attributes.AnypointMQMessageAttributes"}
type java_lang_Object = java_lang_Object





]]></types:shape>
    </types:type>
    <types:type name="auto_a1684b27-b5e8-47b4-8e31-4784912ad2f1_Output-Variables-msgDeliveryCount" format="java">
      <types:shape format="weave" example="weave/autogenerated/a1684b27-b5e8-47b4-8e31-4784912ad2f1/Output-Variables-msgDeliveryCount.wev" autogeneratedOrigin="921aacf3-7d71-4bc1-bea0-6aa33cd27df0"><![CDATA[%dw 2.0

type auto_a1684b27_b5e8_47b4_8e31_4784912ad2f1_Output_Variables_msgDeliveryCount = Null

]]></types:shape>
    </types:type>
    <types:type name="auto_a1684b27-b5e8-47b4-8e31-4784912ad2f1_Output-Variables-orderId" format="java">
      <types:shape format="weave" example="weave/autogenerated/a1684b27-b5e8-47b4-8e31-4784912ad2f1/Output-Variables-orderId.wev" autogeneratedOrigin="921aacf3-7d71-4bc1-bea0-6aa33cd27df0"><![CDATA[%dw 2.0

type auto_a1684b27_b5e8_47b4_8e31_4784912ad2f1_Output_Variables_orderId = Any

]]></types:shape>
    </types:type>
    <types:type name="auto_a1684b27-b5e8-47b4-8e31-4784912ad2f1_Output-Variables-mqMsgId" format="java">
      <types:shape format="weave" example="weave/autogenerated/a1684b27-b5e8-47b4-8e31-4784912ad2f1/Output-Variables-mqMsgId.wev" autogeneratedOrigin="921aacf3-7d71-4bc1-bea0-6aa33cd27df0"><![CDATA[%dw 2.0

type auto_a1684b27_b5e8_47b4_8e31_4784912ad2f1_Output_Variables_mqMsgId = Null

]]></types:shape>
    </types:type>
    <types:type name="auto_a1684b27-b5e8-47b4-8e31-4784912ad2f1_Output-Variables-dbRequest" format="json">
      <types:shape format="weave" example="weave/autogenerated/a1684b27-b5e8-47b4-8e31-4784912ad2f1/Output-Variables-dbRequest.wev" autogeneratedOrigin="921aacf3-7d71-4bc1-bea0-6aa33cd27df0"><![CDATA[%dw 2.0

type auto_a1684b27_b5e8_47b4_8e31_4784912ad2f1_Output_Variables_dbRequest = {| email: Any |}

]]></types:shape>
    </types:type>
    <types:type name="auto_a1684b27-b5e8-47b4-8e31-4784912ad2f1_Output-Variables-correlationId" format="java">
      <types:shape format="raml" autogeneratedOrigin="921aacf3-7d71-4bc1-bea0-6aa33cd27df0"><![CDATA[#%RAML 1.0 DataType
type: string]]></types:shape>
    </types:type>
    <types:type name="auto_a1684b27-b5e8-47b4-8e31-4784912ad2f1_Output-Variables-dbResponse" format="json">
      <types:shape format="weave" example="weave/autogenerated/a1684b27-b5e8-47b4-8e31-4784912ad2f1/Output-Variables-dbResponse.wev" autogeneratedOrigin="921aacf3-7d71-4bc1-bea0-6aa33cd27df0"><![CDATA[%dw 2.0

type auto_a1684b27_b5e8_47b4_8e31_4784912ad2f1_Output_Variables_dbResponse = Any

]]></types:shape>
    </types:type>
    <types:type name="auto_a1684b27-b5e8-47b4-8e31-4784912ad2f1_Output-Variables-counter" format="java">
      <types:shape format="raml" autogeneratedOrigin="921aacf3-7d71-4bc1-bea0-6aa33cd27df0"><![CDATA[#%RAML 1.0 DataType
type: number]]></types:shape>
    </types:type>
  </types:catalog>
  <types:enrichment select="#1ffa7159-0dc5-4bdb-9bb0-6cc6d46563ef">
    <types:processor-declaration>
      <types:input-event>
        <types:message>
          <types:payload type="auto_1ffa7159-0dc5-4bdb-9bb0-6cc6d46563ef_Input-Payload"/>
          <types:attributes type="auto_1ffa7159-0dc5-4bdb-9bb0-6cc6d46563ef_Input-Attributes"/>
        </types:message>
      </types:input-event>
      <types:output-event>
        <types:message>
          <types:payload type="auto_1ffa7159-0dc5-4bdb-9bb0-6cc6d46563ef_Output-Payload"/>
          <types:attributes type="auto_1ffa7159-0dc5-4bdb-9bb0-6cc6d46563ef_Output-Attributes"/>
        </types:message>
      </types:output-event>
    </types:processor-declaration>
  </types:enrichment>
  <types:enrichment select="#a1684b27-b5e8-47b4-8e31-4784912ad2f1">
    <types:processor-declaration>
      <types:input-event>
        <types:message>
          <types:payload type="auto_a1684b27-b5e8-47b4-8e31-4784912ad2f1_Input-Payload"/>
          <types:attributes type="auto_a1684b27-b5e8-47b4-8e31-4784912ad2f1_Input-Attributes"/>
        </types:message>
        <types:variables>
          <types:variable name="orignalPayload" type="auto_a1684b27-b5e8-47b4-8e31-4784912ad2f1_Input-Variables-orignalPayload"/>
          <types:variable name="rootMessage" type="auto_a1684b27-b5e8-47b4-8e31-4784912ad2f1_Input-Variables-rootMessage"/>
          <types:variable name="msgDeliveryCount" type="auto_a1684b27-b5e8-47b4-8e31-4784912ad2f1_Input-Variables-msgDeliveryCount"/>
          <types:variable name="orderId" type="auto_a1684b27-b5e8-47b4-8e31-4784912ad2f1_Input-Variables-orderId"/>
          <types:variable name="mqMsgId" type="auto_a1684b27-b5e8-47b4-8e31-4784912ad2f1_Input-Variables-mqMsgId"/>
          <types:variable name="dbRequest" type="auto_a1684b27-b5e8-47b4-8e31-4784912ad2f1_Input-Variables-dbRequest"/>
          <types:variable name="correlationId" type="auto_a1684b27-b5e8-47b4-8e31-4784912ad2f1_Input-Variables-correlationId"/>
          <types:variable name="counter" type="auto_a1684b27-b5e8-47b4-8e31-4784912ad2f1_Input-Variables-counter"/>
        </types:variables>
      </types:input-event>
      <types:output-event>
        <types:message>
          <types:payload type="auto_a1684b27-b5e8-47b4-8e31-4784912ad2f1_Output-Payload"/>
          <types:attributes type="auto_a1684b27-b5e8-47b4-8e31-4784912ad2f1_Output-Attributes"/>
        </types:message>
        <types:variables>
          <types:variable name="orignalPayload" type="auto_a1684b27-b5e8-47b4-8e31-4784912ad2f1_Output-Variables-orignalPayload"/>
          <types:variable name="rootMessage" type="auto_a1684b27-b5e8-47b4-8e31-4784912ad2f1_Output-Variables-rootMessage"/>
          <types:variable name="msgDeliveryCount" type="auto_a1684b27-b5e8-47b4-8e31-4784912ad2f1_Output-Variables-msgDeliveryCount"/>
          <types:variable name="orderId" type="auto_a1684b27-b5e8-47b4-8e31-4784912ad2f1_Output-Variables-orderId"/>
          <types:variable name="mqMsgId" type="auto_a1684b27-b5e8-47b4-8e31-4784912ad2f1_Output-Variables-mqMsgId"/>
          <types:variable name="dbRequest" type="auto_a1684b27-b5e8-47b4-8e31-4784912ad2f1_Output-Variables-dbRequest"/>
          <types:variable name="correlationId" type="auto_a1684b27-b5e8-47b4-8e31-4784912ad2f1_Output-Variables-correlationId"/>
          <types:variable name="dbResponse" type="auto_a1684b27-b5e8-47b4-8e31-4784912ad2f1_Output-Variables-dbResponse"/>
          <types:variable name="counter" type="auto_a1684b27-b5e8-47b4-8e31-4784912ad2f1_Output-Variables-counter"/>
        </types:variables>
      </types:output-event>
    </types:processor-declaration>
  </types:enrichment>
  <types:enrichment select="#48473114-46b5-44f4-9e8f-56ada45f0d4e"/>
  <types:enrichment select="#2cf3ffab-0d7a-45c6-bc93-e32aee66e38d"/>
</types:mule>