<?xml version="1.0" encoding="UTF-8"?>

<mule xmlns:secure-properties="http://www.mulesoft.org/schema/mule/secure-properties"
	xmlns:anypoint-mq="http://www.mulesoft.org/schema/mule/anypoint-mq"
	xmlns:apikit="http://www.mulesoft.org/schema/mule/mule-apikit" xmlns:http="http://www.mulesoft.org/schema/mule/http"
	xmlns:api-gateway="http://www.mulesoft.org/schema/mule/api-gateway"
	xmlns="http://www.mulesoft.org/schema/mule/core" xmlns:doc="http://www.mulesoft.org/schema/mule/documentation" xmlns:xsi="http://www.w3.org/2001/XMLSchema-instance" xsi:schemaLocation="
http://www.mulesoft.org/schema/mule/mule-apikit http://www.mulesoft.org/schema/mule/mule-apikit/current/mule-apikit.xsd 
http://www.mulesoft.org/schema/mule/http http://www.mulesoft.org/schema/mule/http/current/mule-http.xsd http://www.mulesoft.org/schema/mule/core http://www.mulesoft.org/schema/mule/core/current/mule.xsd
http://www.mulesoft.org/schema/mule/api-gateway http://www.mulesoft.org/schema/mule/api-gateway/current/mule-api-gateway.xsd
http://www.mulesoft.org/schema/mule/anypoint-mq http://www.mulesoft.org/schema/mule/anypoint-mq/current/mule-anypoint-mq.xsd
http://www.mulesoft.org/schema/mule/secure-properties http://www.mulesoft.org/schema/mule/secure-properties/current/mule-secure-properties.xsd">
	<api-gateway:autodiscovery apiId="${api.id}" ignoreBasePath="true" doc:name="API Autodiscovery" doc:id="91e0fa9e-ab9d-4b3a-b5f5-cc4542bf23e0" flowRef="mule-ecommerce-i-eapi-main" />
	<http:listener-config name="mule-ecommerce-i-eapi-httpListenerConfig">
        <http:listener-connection host="${http.host}" port="${http.port}" />
    </http:listener-config>
    <apikit:config name="mule-ecommerce-i-eapi-config" api="mule-ecommerce-i-eapi.raml" outboundHeadersMapName="outboundHeaders" httpStatusVarName="httpStatus" />
	<anypoint-mq:config name="Anypoint_MQ_Config" doc:name="Anypoint MQ Config" doc:id="4c6be650-6b9a-4323-888c-73a8f6bf1bcf" >
		<anypoint-mq:connection clientId="${secure::anypointMq.clientId}" clientSecret="${secure::anypointMq.clientSecret}" url="${anypointMq.url}"/>
	</anypoint-mq:config>
	<configuration-properties doc:name="Configuration properties" doc:id="8c0e8a76-abe9-4485-a593-c1ce86f86fb2" file="${env}-properties.yaml" />
	<secure-properties:config name="Secure_Properties_Config" doc:name="Secure Properties Config" doc:id="a3b01d8c-267c-4a17-ada8-7337559a88fe" file="${env}-properties.yaml" key="${secureKey}"/>

</mule>
