<?xml version="1.0" encoding="UTF-8"?>

<mule xmlns:anypoint-mq="http://www.mulesoft.org/schema/mule/anypoint-mq" xmlns:ee="http://www.mulesoft.org/schema/mule/ee/core"
	xmlns:http="http://www.mulesoft.org/schema/mule/http"
	xmlns:jms="http://www.mulesoft.org/schema/mule/jms" xmlns="http://www.mulesoft.org/schema/mule/core" xmlns:doc="http://www.mulesoft.org/schema/mule/documentation" xmlns:xsi="http://www.w3.org/2001/XMLSchema-instance" xsi:schemaLocation="http://www.mulesoft.org/schema/mule/core http://www.mulesoft.org/schema/mule/core/current/mule.xsd
http://www.mulesoft.org/schema/mule/jms http://www.mulesoft.org/schema/mule/jms/current/mule-jms.xsd
http://www.mulesoft.org/schema/mule/http http://www.mulesoft.org/schema/mule/http/current/mule-http.xsd
http://www.mulesoft.org/schema/mule/ee/core http://www.mulesoft.org/schema/mule/ee/core/current/mule-ee.xsd
http://www.mulesoft.org/schema/mule/anypoint-mq http://www.mulesoft.org/schema/mule/anypoint-mq/current/mule-anypoint-mq.xsd">
	
	<flow name="mule-order-i-ImplFlow" doc:id="d9adc720-354d-4a99-bd2b-123b1f50b28b" >
		<ee:transform doc:name="Transform Message" doc:id="0c335583-41ef-4eca-82b3-ca255b356be2" >
			<ee:message >
				<ee:set-payload ><![CDATA[%dw 2.0
output application/json
---
payload.orders filter ((item, index) -> ( Mule::p('countryList') splitBy  ',') contains item.countryOfOrigin)]]></ee:set-payload>
			</ee:message>
			<ee:variables >
				<ee:set-variable variableName="correlationId" ><![CDATA[%dw 2.0
output application/java
---
attributes.headers.'x-correlation-id' default correlationId
]]></ee:set-variable>
			</ee:variables>
		</ee:transform>
		<choice doc:name="Choice" doc:id="471a4095-9e8c-4ff2-8642-2410b20e1a32" >
			<when expression="#[sizeOf(payload) &gt; 0]">
				<anypoint-mq:publish doc:name="Publish" doc:id="f8bff310-fbb1-434f-b5fb-9070267ce4c1" config-ref="Anypoint_MQ_Config" destination="order-q" >
					<anypoint-mq:properties ><![CDATA[#[{
	"x-correlation-id" : vars.correlationId
}]]]></anypoint-mq:properties>
				</anypoint-mq:publish>
				<logger level="INFO" doc:name="Logger" doc:id="1162292b-a4d1-47b6-8e5d-84507907c9a8" message="Records Published successfully" category="com.classic.demo"/>
			</when>
			<otherwise >
				<logger level="INFO" doc:name="Logger" doc:id="b1f34dcf-dda7-47b0-9e0d-4356289c8d5b" message="Nothing to publish" category="com.classic.demo"/>
			</otherwise>
		</choice>
	</flow>
</mule>
