<?xml version="1.0" encoding="UTF-8"?>
<mule xmlns="http://www.mulesoft.org/schema/mule/core" xmlns:apikit="http://www.mulesoft.org/schema/mule/mule-apikit" xmlns:doc="http://www.mulesoft.org/schema/mule/documentation" xmlns:ee="http://www.mulesoft.org/schema/mule/ee/core" xmlns:http="http://www.mulesoft.org/schema/mule/http" xmlns:xsi="http://www.w3.org/2001/XMLSchema-instance" xsi:schemaLocation="http://www.mulesoft.org/schema/mule/core http://www.mulesoft.org/schema/mule/core/current/mule.xsd http://www.mulesoft.org/schema/mule/http http://www.mulesoft.org/schema/mule/http/current/mule-http.xsd http://www.mulesoft.org/schema/mule/mule-apikit http://www.mulesoft.org/schema/mule/mule-apikit/current/mule-apikit.xsd http://www.mulesoft.org/schema/mule/ee/core http://www.mulesoft.org/schema/mule/ee/core/current/mule-ee.xsd ">
    <flow name="mule-ecommerce-i-eapi-main">
        <http:listener config-ref="mule-ecommerce-i-eapi-httpListenerConfig" path="/api/*">
            <http:response statusCode="#[vars.httpStatus default 200]">
                <http:headers>#[vars.outboundHeaders default {}]</http:headers>
            </http:response>
            <http:error-response statusCode="#[vars.httpStatus default 500]">
                <http:body>#[payload]</http:body>
                <http:headers>#[vars.outboundHeaders default {}]</http:headers>
            </http:error-response>
        </http:listener>
        <apikit:router config-ref="mule-ecommerce-i-eapi-config" />
        <error-handler>
            <on-error-propagate type="APIKIT:BAD_REQUEST">
                <ee:transform doc:name="Transform Message">
                    <ee:message>
                        <ee:set-payload><![CDATA[%dw 2.0
output application/json
---
{
  header: {
    apiName: Mule::p('app.name'),
    apiVersion: Mule::p('http.api.version'),
    correlationId: correlationId
  },
  error: {
  	message: "Bad Request",
    description: error.description,
    code: "400",
    timestamp: now()
  }
}]]></ee:set-payload>
                    </ee:message>
                    <ee:variables>
                        <ee:set-variable variableName="httpStatus"><![CDATA[400]]></ee:set-variable>
                    </ee:variables>
                </ee:transform>
            </on-error-propagate>
            <on-error-propagate type="APIKIT:NOT_FOUND">
                <ee:transform doc:name="Transform Message">
                    <ee:message>
                        <ee:set-payload><![CDATA[%dw 2.0
output application/json
---
{
  header: {
    apiName: Mule::p('app.name'),
    apiVersion: Mule::p('http.api.version'),
    correlationId: correlationId
  },
  error: {
  	message : "Resource not found",
    description: error.description,
    code: "404",
    timestamp: now()
  }
}]]></ee:set-payload>
                    </ee:message>
                    <ee:variables>
                        <ee:set-variable variableName="httpStatus"><![CDATA[404]]></ee:set-variable>
                    </ee:variables>
                </ee:transform>
            </on-error-propagate>
            <on-error-propagate type="APIKIT:METHOD_NOT_ALLOWED">
                <ee:transform doc:name="Transform Message">
                    <ee:message>
                        <ee:set-payload><![CDATA[%dw 2.0
output application/json
---
{
  header: {
    apiName: Mule::p('app.name'),
    apiVersion: Mule::p('http.api.version'),
    correlationId: correlationId
  },
  error: {
  	message : "Method not allowed",
    description: error.description,
    code: "405",
    timestamp: now()
  }
}]]></ee:set-payload>
                    </ee:message>
                    <ee:variables>
                        <ee:set-variable variableName="httpStatus"><![CDATA[405]]></ee:set-variable>
                    </ee:variables>
                </ee:transform>
            </on-error-propagate>
            <on-error-propagate type="APIKIT:NOT_ACCEPTABLE">
                <ee:transform doc:name="Transform Message">
                    <ee:message>
                        <ee:set-payload><![CDATA[%dw 2.0
output application/json
---
{
  header: {
    apiName: Mule::p('app.name'),
    apiVersion: Mule::p('http.api.version'),
    correlationId: correlationId
  },
  error: {
  	message : "Not acceptable",
    description: error.description,
    code: "406",
    timestamp: now()
  }
}]]></ee:set-payload>
                    </ee:message>
                    <ee:variables>
                        <ee:set-variable variableName="httpStatus"><![CDATA[406]]></ee:set-variable>
                    </ee:variables>
                </ee:transform>
            </on-error-propagate>
            <on-error-propagate type="APIKIT:UNSUPPORTED_MEDIA_TYPE">
                <ee:transform doc:name="Transform Message">
                    <ee:message>
                        <ee:set-payload><![CDATA[%dw 2.0
output application/json
---
{
  header: {
    apiName: Mule::p('app.name'),
    apiVersion: Mule::p('http.api.version'),
    correlationId: correlationId
  },
  error: {
  	message : "Unsupported media type",
    description: error.description,
    code: "415",
    timestamp: now()
  }
}]]></ee:set-payload>
                    </ee:message>
                    <ee:variables>
                        <ee:set-variable variableName="httpStatus"><![CDATA[415]]></ee:set-variable>
                    </ee:variables>
                </ee:transform>
            </on-error-propagate>
            <on-error-propagate type="APIKIT:NOT_IMPLEMENTED">
                <ee:transform doc:name="Transform Message">
                    <ee:message>
                        <ee:set-payload><![CDATA[%dw 2.0
output application/json
---
{
  header: {
    apiName: Mule::p('app.name'),
    apiVersion: Mule::p('http.api.version'),
    correlationId: correlationId
  },
  error: {
  	message : "Not Implemented",
    description: error.description,
    code: "501",
    timestamp: now()
  }
}]]></ee:set-payload>
                    </ee:message>
                    <ee:variables>
                        <ee:set-variable variableName="httpStatus"><![CDATA[501]]></ee:set-variable>
                    </ee:variables>
                </ee:transform>
            </on-error-propagate>
            <on-error-propagate enableNotifications="true" logException="true" doc:name="On Error Propagate" doc:id="5e480226-647e-4125-b75d-c4e2ddc5df71" type="ANY">
                <ee:transform doc:name="Transform Message" doc:id="d209da56-96e9-4860-8d1b-f947a575c48a">
                    <ee:message>
                        <ee:set-payload><![CDATA[%dw 2.0
output application/json
---
{
  header: {
    apiName: Mule::p('app.name'),
    apiVersion: Mule::p('http.api.version'),
    correlationId: correlationId
  },
  error: {
  	message : "UNKNOWN INTERNAL SERVER ERROR",
    description: error.description,
    code: "500",
    timestamp: now()
  }
}]]></ee:set-payload>
                    </ee:message>
                    <ee:variables>
                        <ee:set-variable variableName="httpStatus"><![CDATA[500]]></ee:set-variable>
                    </ee:variables>
                </ee:transform>
            </on-error-propagate>
        </error-handler>
    </flow>
    <flow name="mule-ecommerce-i-eapi-console">
        <http:listener config-ref="mule-ecommerce-i-eapi-httpListenerConfig" path="/console/*">
            <http:response statusCode="#[vars.httpStatus default 200]">
                <http:headers>#[vars.outboundHeaders default {}]</http:headers>
            </http:response>
            <http:error-response statusCode="#[vars.httpStatus default 500]">
                <http:body>#[payload]</http:body>
                <http:headers>#[vars.outboundHeaders default {}]</http:headers>
            </http:error-response>
        </http:listener>
        <apikit:console config-ref="mule-ecommerce-i-eapi-config" />
        <error-handler>
            <on-error-propagate type="APIKIT:NOT_FOUND">
                <ee:transform doc:name="Transform Message">
                    <ee:message>
                        <ee:set-payload><![CDATA[%dw 2.0
output application/json
---
{message: "Resource not found"}]]></ee:set-payload>
                    </ee:message>
                    <ee:variables>
                        <ee:set-variable variableName="httpStatus">404</ee:set-variable>
                    </ee:variables>
                </ee:transform>
            </on-error-propagate>
        </error-handler>
    </flow>
    <flow name="post:\order:application\json:mule-ecommerce-i-eapi-config">
        <logger level="INFO" doc:name="Logger Start" doc:id="8c79949a-3cb2-4de0-bc8f-a1992a8ae170" message="Request Recieved" category="com.classic.demo" />
        <flow-ref doc:name="mule-order-i-ImplFlow" doc:id="0efb5d4d-53b2-42e1-ac76-d42f722bc934" name="mule-order-i-ImplFlow" />
        <logger level="INFO" doc:name="Logger" doc:id="bdfc1669-9ad5-4900-b426-28c9d134cbcc" message="Request Completed" category="com.classic.demo" />
    </flow>
</mule>
