<?xml version="1.0" encoding="UTF-8"?>

<mule xmlns:apikit="http://www.mulesoft.org/schema/mule/mule-apikit"
	xmlns:http="http://www.mulesoft.org/schema/mule/http"
	xmlns:secure-properties="http://www.mulesoft.org/schema/mule/secure-properties" xmlns:api-gateway="http://www.mulesoft.org/schema/mule/api-gateway"
	xmlns:db="http://www.mulesoft.org/schema/mule/db"
	xmlns="http://www.mulesoft.org/schema/mule/core" xmlns:doc="http://www.mulesoft.org/schema/mule/documentation" xmlns:xsi="http://www.w3.org/2001/XMLSchema-instance" xsi:schemaLocation="
http://www.mulesoft.org/schema/mule/mule-apikit http://www.mulesoft.org/schema/mule/mule-apikit/current/mule-apikit.xsd 
http://www.mulesoft.org/schema/mule/http http://www.mulesoft.org/schema/mule/http/current/mule-http.xsd http://www.mulesoft.org/schema/mule/core http://www.mulesoft.org/schema/mule/core/current/mule.xsd
http://www.mulesoft.org/schema/mule/db http://www.mulesoft.org/schema/mule/db/current/mule-db.xsd
http://www.mulesoft.org/schema/mule/api-gateway http://www.mulesoft.org/schema/mule/api-gateway/current/mule-api-gateway.xsd
http://www.mulesoft.org/schema/mule/secure-properties http://www.mulesoft.org/schema/mule/secure-properties/current/mule-secure-properties.xsd">
	<db:config name="Database_Config" doc:name="Database Config" doc:id="371c9d58-ad0d-44ef-99a6-f8ebbe5c0475" >
		<db:generic-connection url="${db.host}" driverClassName="org.postgresql.Driver" user="${secure::db.userName}" password="${secure::db.password}" >
		<db:pooling-profile />
		</db:generic-connection>
	</db:config>
	 <http:listener-config name="mule-db-customer-sapi-httpListenerConfig">
        <http:listener-connection host="${http.host}" port="${http.port}" />
    </http:listener-config>
    <apikit:config name="mule-db-customer-sapi-config" api="mule-db-customer-sapi.raml" outboundHeadersMapName="outboundHeaders" httpStatusVarName="httpStatus" />
	<api-gateway:autodiscovery apiId="${api.id}" ignoreBasePath="true" doc:name="API Autodiscovery" doc:id="a391e857-5ab4-42f3-9f2e-8e0e0c5576cd" flowRef="mule-db-customer-sapi-main" />
	<configuration-properties doc:name="Configuration properties" doc:id="0029348f-ba7f-47c1-ac4f-7eae2d5dfc37" file="${env}-properties.yaml" />
	<secure-properties:config name="Secure_Properties_Config" doc:name="Secure Properties Config" doc:id="d1b9fc47-d85f-47c0-a923-8743ac86560e" file="${env}-properties.yaml" key="${secureKey}"/>
</mule>
