<?xml version="1.0" encoding="UTF-8"?>

<mule xmlns:ee="http://www.mulesoft.org/schema/mule/ee/core" xmlns:db="http://www.mulesoft.org/schema/mule/db"
	xmlns:http="http://www.mulesoft.org/schema/mule/http"
	xmlns="http://www.mulesoft.org/schema/mule/core" xmlns:doc="http://www.mulesoft.org/schema/mule/documentation" xmlns:xsi="http://www.w3.org/2001/XMLSchema-instance" xsi:schemaLocation="http://www.mulesoft.org/schema/mule/core http://www.mulesoft.org/schema/mule/core/current/mule.xsd
http://www.mulesoft.org/schema/mule/http http://www.mulesoft.org/schema/mule/http/current/mule-http.xsd
http://www.mulesoft.org/schema/mule/db http://www.mulesoft.org/schema/mule/db/current/mule-db.xsd
http://www.mulesoft.org/schema/mule/ee/core http://www.mulesoft.org/schema/mule/ee/core/current/mule-ee.xsd">
	<flow name="mule-customer-sapiImplFlow" doc:id="fe405b5c-9096-4076-ad42-8eee4815bd92" >
		<logger level="INFO" doc:name="Logger" doc:id="e45d0e1d-8c37-474c-ab07-6871c523e416" message="#[vars.logDetails] ]Input Request #[payload]" category="com.classic.demo"/>
		<db:select doc:name="Select" doc:id="eee522dd-0984-4594-85a4-e4d1f60e7bd2" config-ref="Database_Config">
			<db:sql ><![CDATA[${db.query}]]></db:sql>
			<db:input-parameters ><![CDATA[#[{
"email" : payload.email
}]]]></db:input-parameters>
		</db:select>
		<ee:transform doc:name="Transform Message" doc:id="8a7fbd4b-ebdf-45f3-8016-a1cec71f74a2" >
			<ee:message >
				<ee:set-payload ><![CDATA[%dw 2.0
output application/json
---
payload[0]]]></ee:set-payload>
			</ee:message>
		</ee:transform>
		<logger level="INFO" doc:name="Logger" doc:id="3bf63bba-3cf3-40f0-a8b8-8e136b6512db" message="#[vars.logDetails] Output Payload #[payload]" category="com.classic.demo"/>
	</flow>
</mule>
