<?xml version="1.0" encoding="UTF-8"?>
<mule xmlns="http://www.mulesoft.org/schema/mule/core" xmlns:apikit="http://www.mulesoft.org/schema/mule/mule-apikit" xmlns:doc="http://www.mulesoft.org/schema/mule/documentation" xmlns:ee="http://www.mulesoft.org/schema/mule/ee/core" xmlns:http="http://www.mulesoft.org/schema/mule/http" xmlns:xsi="http://www.w3.org/2001/XMLSchema-instance" xsi:schemaLocation="http://www.mulesoft.org/schema/mule/core http://www.mulesoft.org/schema/mule/core/current/mule.xsd http://www.mulesoft.org/schema/mule/http http://www.mulesoft.org/schema/mule/http/current/mule-http.xsd http://www.mulesoft.org/schema/mule/mule-apikit http://www.mulesoft.org/schema/mule/mule-apikit/current/mule-apikit.xsd http://www.mulesoft.org/schema/mule/ee/core http://www.mulesoft.org/schema/mule/ee/core/current/mule-ee.xsd ">
   <flow name="mule-db-customer-sapi-main">
        <http:listener config-ref="mule-db-customer-sapi-httpListenerConfig" path="/api/*">
            <http:response statusCode="#[vars.httpStatus default 200]">
                <http:headers>#[vars.outboundHeaders default {}]</http:headers>
            </http:response>
            <http:error-response statusCode="#[vars.httpStatus default 500]">
                <http:body>#[payload]</http:body>
                <http:headers>#[vars.outboundHeaders default {}]</http:headers>
            </http:error-response>
        </http:listener>
        <apikit:router config-ref="mule-db-customer-sapi-config" />
        <error-handler>
            <on-error-propagate type="APIKIT:BAD_REQUEST">
                <ee:transform doc:name="Transform Message">
                    <ee:message>
                        <ee:set-payload><![CDATA[%dw 2.0
output application/json
---
{
  header: {
    apiName: Mule::p('app.name'),
    apiVersion: Mule::p('http.api.version'),
    correlationId: correlationId
  },
  error: {
  	message: "Bad Request",
    description: error.description,
    code: "400",
    timestamp: now()
  }
}]]></ee:set-payload>
                    </ee:message>
                    <ee:variables>
                        <ee:set-variable variableName="httpStatus"><![CDATA[400]]></ee:set-variable>
                    </ee:variables>
                </ee:transform>
            </on-error-propagate>
            <on-error-propagate type="APIKIT:NOT_FOUND">
                <ee:transform doc:name="Transform Message">
                    <ee:message>
                        <ee:set-payload><![CDATA[%dw 2.0
output application/json
---
{
  header: {
    apiName: Mule::p('app.name'),
    apiVersion: Mule::p('http.api.version'),
    correlationId: correlationId
  },
  error: {
  	message : "Resource not found",
    description: error.description,
    code: "404",
    timestamp: now()
  }
}]]></ee:set-payload>
                    </ee:message>
                    <ee:variables>
                        <ee:set-variable variableName="httpStatus"><![CDATA[404]]></ee:set-variable>
                    </ee:variables>
                </ee:transform>
            </on-error-propagate>
            <on-error-propagate type="APIKIT:METHOD_NOT_ALLOWED">
                <ee:transform doc:name="Transform Message">
                    <ee:message>
                        <ee:set-payload><![CDATA[%dw 2.0
output application/json
---
{
  header: {
    apiName: Mule::p('app.name'),
    apiVersion: Mule::p('http.api.version'),
    correlationId: correlationId
  },
  error: {
  	message : "Method not allowed",
    description: error.description,
    code: "405",
    timestamp: now()
  }
}]]></ee:set-payload>
                    </ee:message>
                    <ee:variables>
                        <ee:set-variable variableName="httpStatus"><![CDATA[405]]></ee:set-variable>
                    </ee:variables>
                </ee:transform>
            </on-error-propagate>
            <on-error-propagate type="APIKIT:NOT_ACCEPTABLE">
                <ee:transform doc:name="Transform Message">
                    <ee:message>
                        <ee:set-payload><![CDATA[%dw 2.0
output application/json
---
{
  header: {
    apiName: Mule::p('app.name'),
    apiVersion: Mule::p('http.api.version'),
    correlationId: correlationId
  },
  error: {
  	message : "Not acceptable",
    description: error.description,
    code: "406",
    timestamp: now()
  }
}]]></ee:set-payload>
                    </ee:message>
                    <ee:variables>
                        <ee:set-variable variableName="httpStatus"><![CDATA[406]]></ee:set-variable>
                    </ee:variables>
                </ee:transform>
            </on-error-propagate>
            <on-error-propagate type="APIKIT:UNSUPPORTED_MEDIA_TYPE">
                <ee:transform doc:name="Transform Message">
                    <ee:message>
                        <ee:set-payload><![CDATA[%dw 2.0
output application/json
---
{
  header: {
    apiName: Mule::p('app.name'),
    apiVersion: Mule::p('http.api.version'),
    correlationId: correlationId
  },
  error: {
  	message : "Unsupported media type",
    description: error.description,
    code: "415",
    timestamp: now()
  }
}]]></ee:set-payload>
                    </ee:message>
                    <ee:variables>
                        <ee:set-variable variableName="httpStatus"><![CDATA[415]]></ee:set-variable>
                    </ee:variables>
                </ee:transform>
            </on-error-propagate>
            <on-error-propagate type="APIKIT:NOT_IMPLEMENTED">
                <ee:transform doc:name="Transform Message">
                    <ee:message>
                        <ee:set-payload><![CDATA[%dw 2.0
output application/json
---
{
  header: {
    apiName: Mule::p('app.name'),
    apiVersion: Mule::p('http.api.version'),
    correlationId: correlationId
  },
  error: {
  	message : "Not Implemented",
    description: error.description,
    code: "501",
    timestamp: now()
  }
}]]></ee:set-payload>
                    </ee:message>
                    <ee:variables>
                        <ee:set-variable variableName="httpStatus"><![CDATA[501]]></ee:set-variable>
                    </ee:variables>
                </ee:transform>
            </on-error-propagate>
            <on-error-propagate enableNotifications="true" logException="true" doc:name="On Error Propagate" doc:id="44dba52d-7501-40f8-b865-f434b52ab897" type="ANY">
                <ee:transform doc:name="Transform Message" doc:id="f5a54f02-dd8d-4f6a-8991-25da5a7b23bb">
                    <ee:message>
                        <ee:set-payload><![CDATA[%dw 2.0
output application/json
---
{
  header: {
    apiName: Mule::p('app.name'),
    apiVersion: Mule::p('http.api.version'),
    correlationId: correlationId
  },
  error: {
  	message : "UNKNOWN INTERNAL SERVER ERROR",
    description: error.description,
    code: "500",
    timestamp: now()
  }
}]]></ee:set-payload>
                    </ee:message>
                    <ee:variables>
                        <ee:set-variable variableName="httpStatus"><![CDATA[500]]></ee:set-variable>
                    </ee:variables>
                </ee:transform>
            </on-error-propagate>
        </error-handler>
    </flow>
    <flow name="post:\query\customer:application\json:mule-db-customer-sapi-config">
		<ee:transform doc:name="Transform Message" doc:id="c246a66a-dd12-459c-b5b9-268d8d49f04a" >
			<ee:message >
			</ee:message>
			<ee:variables >
				<ee:set-variable variableName="logDetails" ><![CDATA[%dw 2.0
output application/java
---
{
	"correlationId" : attributes.headers.'global-correlation-id' default correlationId
}]]></ee:set-variable>
			</ee:variables>
		</ee:transform>
		<flow-ref doc:name="mule-customer-sapiImplFlow" doc:id="bf1cfa68-f4df-40e2-af5a-f0c3d329cff0" name="mule-customer-sapiImplFlow" />
    </flow>
</mule>
