<?xml version="1.0" encoding="UTF-8"?>

<mule xmlns:anypoint-mq="http://www.mulesoft.org/schema/mule/anypoint-mq" xmlns="http://www.mulesoft.org/schema/mule/core"
	xmlns:doc="http://www.mulesoft.org/schema/mule/documentation"
	xmlns:xsi="http://www.w3.org/2001/XMLSchema-instance" xsi:schemaLocation="http://www.mulesoft.org/schema/mule/core http://www.mulesoft.org/schema/mule/core/current/mule.xsd
http://www.mulesoft.org/schema/mule/anypoint-mq http://www.mulesoft.org/schema/mule/anypoint-mq/current/mule-anypoint-mq.xsd">
	<error-handler name="errorHandlingError_Handler" doc:id="8666ec0a-3fb4-464b-8f26-dee7fc24f239" >
		<on-error-propagate enableNotifications="true" logException="true" doc:name="On Error Propagate" doc:id="6dc47d93-49d0-4470-ad2e-17978646cfd4" type="SALESFORCE:CONNECTIVITY, SALESFORCE:TIMEOUT, WSC:CANNOT_DISPATCH, WSC:CONNECTIVITY, HTTP:BAD_GATEWAY, HTTP:CONNECTIVITY, HTTP:GATEWAY_TIMEOUT">
			<logger level="INFO" doc:name="Logger Details in case of Connectivity Errors" doc:id="0f7c2e77-0ef9-4de2-b1e1-d49b32426c92" message="#[vars.logDetails] Message Error !! It will come back for reprocessing twice then go to DLQ. Order Id : #[vars.orderId] ErrorCode : ER003 Error Description #[error.description]"/>
		</on-error-propagate>
		<on-error-continue enableNotifications="true" logException="true" doc:name="On Error Continue" doc:id="311aa8eb-a31c-4369-aa76-51dd4b654787" type="CUSTOM:DATAERROR">
			<logger level="INFO" doc:name="Logger Error Deatils Due to Data Issue" doc:id="df7b05d8-122e-4c4a-aebd-78ebeff8400a" message="#[vars.logDetails] Message Error Due to Data Issue !! Sending Msg to Reprocess Q. Order Id : #[vars.orderId]  ErrorCode : ER001 Error Description #[error.description]" />
			<anypoint-mq:publish doc:name="Publish to Reprocess for Data Correction" doc:id="0f7aa039-1969-4780-b8a6-e3a3a417380d" config-ref="Anypoint_MQ_Config" destination="${anypointMq.reprocessQ}">
				<anypoint-mq:body><![CDATA[#[vars.orignalData]]]></anypoint-mq:body>
				<anypoint-mq:properties ><![CDATA[#[{
	errorType : error.errorType.asString,
	errorDescription: error.description as String,
	'x-correlation-id' : vars.correlationId
}]]]></anypoint-mq:properties>
			</anypoint-mq:publish>
			<logger level="INFO" doc:name="Message Published Logger" doc:id="b6fe9501-0cab-4577-a399-9df74823dc6e" message="#[vars.logDetails] Msg Send to Reprocess Q for further Analysis. Order Id : #[vars.orderId]" />
		</on-error-continue>
		<on-error-continue enableNotifications="true" logException="true" doc:name="On Error Continue" doc:id="61a6b86d-a7c3-4e9f-9945-ae179c0eefbf" type="ANY">
			<logger level="INFO" doc:name="Logger Error Deatils Due to Any other Issue" doc:id="63ad31be-f237-4942-8c97-2e5bf8ca0b71" message="#[vars.logDetails] Message Error Due to Data Issue !! Sending Msg to Reprocess Q. Order Id : #[vars.orderId] ErrorCode : ER002 Error Description #[error.description]" />
			<anypoint-mq:publish doc:name="Publish to Reprocess for Data Correction Unknown Error" doc:id="db31fb94-4a0d-4f36-86a2-3d6cf4508ad9" config-ref="Anypoint_MQ_Config" destination="order-reprocess-q">
				<anypoint-mq:body><![CDATA[#[vars.orignalData]]]></anypoint-mq:body>
				<anypoint-mq:properties ><![CDATA[#[{
	errorType : error.errorType.asString,
	errorDescription: error.description as String,
	'x-correlation-id' : vars.correlationId	
}]]]></anypoint-mq:properties>
			</anypoint-mq:publish>
			<logger level="INFO" doc:name="Message Published Logger" doc:id="ddb7212d-9a66-4877-88d6-8cb202ca7281" message="#[vars.logDetails] Msg Send to Reprocess Q for further Analysis. Order Id : #[vars.orderId]" />
		</on-error-continue>
	</error-handler>
</mule>
