<?xml version="1.0" encoding="UTF-8"?>

<mule xmlns:secure-properties="http://www.mulesoft.org/schema/mule/secure-properties" xmlns:tracing="http://www.mulesoft.org/schema/mule/tracing"
	xmlns:salesforce="http://www.mulesoft.org/schema/mule/salesforce"
	xmlns:wsc="http://www.mulesoft.org/schema/mule/wsc" xmlns:http="http://www.mulesoft.org/schema/mule/http" xmlns:ee="http://www.mulesoft.org/schema/mule/ee/core" xmlns:anypoint-mq="http://www.mulesoft.org/schema/mule/anypoint-mq" xmlns="http://www.mulesoft.org/schema/mule/core" xmlns:doc="http://www.mulesoft.org/schema/mule/documentation" xmlns:xsi="http://www.w3.org/2001/XMLSchema-instance" xsi:schemaLocation="http://www.mulesoft.org/schema/mule/core http://www.mulesoft.org/schema/mule/core/current/mule.xsd
http://www.mulesoft.org/schema/mule/anypoint-mq http://www.mulesoft.org/schema/mule/anypoint-mq/current/mule-anypoint-mq.xsd
http://www.mulesoft.org/schema/mule/ee/core http://www.mulesoft.org/schema/mule/ee/core/current/mule-ee.xsd
http://www.mulesoft.org/schema/mule/http http://www.mulesoft.org/schema/mule/http/current/mule-http.xsd
http://www.mulesoft.org/schema/mule/wsc http://www.mulesoft.org/schema/mule/wsc/current/mule-wsc.xsd
http://www.mulesoft.org/schema/mule/salesforce http://www.mulesoft.org/schema/mule/salesforce/current/mule-salesforce.xsd
http://www.mulesoft.org/schema/mule/tracing http://www.mulesoft.org/schema/mule/tracing/current/mule-tracing.xsd
http://www.mulesoft.org/schema/mule/secure-properties http://www.mulesoft.org/schema/mule/secure-properties/current/mule-secure-properties.xsd">
	<anypoint-mq:config name="Anypoint_MQ_Config" doc:name="Anypoint MQ Config" doc:id="101b6178-d884-4bd7-8642-7188f17d2b4e" >
		<anypoint-mq:connection clientId="${secure::anypointMq.clientId}" clientSecret="${secure::anypointMq.clientSecret}" url="${anypointMq.url}">
			<anypoint-mq:tcp-client-socket-properties keepAlive="true" />
		</anypoint-mq:connection>
	</anypoint-mq:config>
	<http:request-config name="HTTP_Request_configuration" doc:name="HTTP Request configuration" doc:id="b58cbad6-d229-41f9-b6c2-29c1fcf3a79b" >
		<http:request-connection host="${system.customer.host}" port="${system.customer.port}" />
	</http:request-config>
	<wsc:config name="Web_Service_Consumer_Config" doc:name="Web Service Consumer Config" doc:id="4b4f4228-3d53-4e9a-be99-0161e4af9794" >
		<wsc:connection wsdlLocation="${system.webservice.wsdl}" service="${system.webservice.service}" port="${system.webservice.port}" address="${system.webservice.serviceAddress}" />
	</wsc:config>
	<configuration doc:name="Configuration" doc:id="b1404734-baff-40d9-bb04-fcb311e3b577" defaultErrorHandler-ref="errorHandlingError_Handler" />
	<salesforce:sfdc-config name="Salesforce_Config" doc:name="Salesforce Config" doc:id="d6c582a9-fd0b-43aa-a7e3-a894eda81cea" >
		<salesforce:basic-connection username="${system.sfdc.userName}" password="${secure::system.sfdc.password}" securityToken="${secure::system.sfdc.accessToken}" />
	</salesforce:sfdc-config>
	<configuration-properties doc:name="Configuration properties" doc:id="424883b9-8d78-477c-adba-a27caf55745e" file="${env}-properties.yaml" />
	<secure-properties:config name="Secure_Properties_Config" doc:name="Secure Properties Config" doc:id="ee6056d1-9700-43a4-9a6f-1cfbb67ec539" file="${env}-properties.yaml" key="${secureKey}"/>

</mule>
	