<?xml version="1.0" encoding="UTF-8"?>

<mule xmlns:tracing="http://www.mulesoft.org/schema/mule/tracing" xmlns:salesforce="http://www.mulesoft.org/schema/mule/salesforce"
	xmlns:wsc="http://www.mulesoft.org/schema/mule/wsc"
	xmlns:http="http://www.mulesoft.org/schema/mule/http" xmlns:ee="http://www.mulesoft.org/schema/mule/ee/core" xmlns:anypoint-mq="http://www.mulesoft.org/schema/mule/anypoint-mq" xmlns="http://www.mulesoft.org/schema/mule/core" xmlns:doc="http://www.mulesoft.org/schema/mule/documentation" xmlns:xsi="http://www.w3.org/2001/XMLSchema-instance" xsi:schemaLocation="http://www.mulesoft.org/schema/mule/core http://www.mulesoft.org/schema/mule/core/current/mule.xsd
http://www.mulesoft.org/schema/mule/anypoint-mq http://www.mulesoft.org/schema/mule/anypoint-mq/current/mule-anypoint-mq.xsd
http://www.mulesoft.org/schema/mule/ee/core http://www.mulesoft.org/schema/mule/ee/core/current/mule-ee.xsd
http://www.mulesoft.org/schema/mule/http http://www.mulesoft.org/schema/mule/http/current/mule-http.xsd
http://www.mulesoft.org/schema/mule/wsc http://www.mulesoft.org/schema/mule/wsc/current/mule-wsc.xsd
http://www.mulesoft.org/schema/mule/salesforce http://www.mulesoft.org/schema/mule/salesforce/current/mule-salesforce.xsd
http://www.mulesoft.org/schema/mule/tracing http://www.mulesoft.org/schema/mule/tracing/current/mule-tracing.xsd">
	
		<flow name="mule-order-papiTriggerFlow" doc:id="b9b69ead-2d08-467e-a940-fde0049f7019" >
		<anypoint-mq:subscriber doc:id="1a0629fe-edb1-4052-83ec-96a102765c96" outputMimeType="application/json" config-ref="Anypoint_MQ_Config" destination="${anypointMq.subscriberQ}">
			<anypoint-mq:subscriber-type >
				<anypoint-mq:prefetch maxLocalMessages="3" />
			</anypoint-mq:subscriber-type>
		</anypoint-mq:subscriber>
		<ee:transform doc:name="LogVars &amp; Initial Variables" doc:id="2cf3ffab-0d7a-45c6-bc93-e32aee66e38d" >
			<ee:message >
			</ee:message>
			<ee:variables >
				<ee:set-variable variableName="logDetails" ><![CDATA[%dw 2.0
output application/java
---
{
	"mqMsgId" : attributes.messageId,
	"msgDeliveryCount" : attributes.deliveryCount,
	"correlationId" : attributes.properties.'x-correlation-id' default correlationId
}]]></ee:set-variable>
				<ee:set-variable variableName="correlationId" ><![CDATA[%dw 2.0
output application/java
---
attributes.properties.'x-correlation-id' default correlationId
]]></ee:set-variable>
			</ee:variables>
		</ee:transform>
		<flow-ref doc:name="Flow Reference orderProcessingFlow" doc:id="066973fc-ab77-4a66-a7d9-649c774c6882" name="orderProcessingFlow" />
	</flow>
	<sub-flow name="orderProcessingFlow" doc:id="1ffa7159-0dc5-4bdb-9bb0-6cc6d46563ef" >
		<foreach doc:name="For Each" doc:id="ef663015-52ff-41e2-946e-d48208644e46">
			<try doc:name="Try" doc:id="4e5e2e0e-ed20-4f08-a852-374b7de0e88d" >
			<ee:transform doc:name="StoringMsgInfo" doc:id="48473114-46b5-44f4-9e8f-56ada45f0d4e">
			<ee:message>
			</ee:message>
			<ee:variables>
				<ee:set-variable variableName="dbRequest"><![CDATA[%dw 2.0
output application/json
---
{
    "email" : payload.customerInfo.email
}]]></ee:set-variable>
					<ee:set-variable variableName="orderId" ><![CDATA[%dw 2.0
output application/java
---
payload.orderId]]></ee:set-variable>
						<ee:set-variable variableName="orignalData" ><![CDATA[%dw 2.0
output application/json
---
payload]]></ee:set-variable>
			</ee:variables>
		</ee:transform>
			<logger level="INFO" doc:name="Logger Process Start for an Order" doc:id="bf28b1cf-c595-4917-8db2-df618f8bc4e2" message="#[vars.logDetails] Processing Started for Order #[vars.orderId]"/>
			<flow-ref doc:name="Flow Reference getCustomerId" doc:id="921aacf3-7d71-4bc1-bea0-6aa33cd27df0" name="getCustomerId" />
			<choice doc:name="Choice" doc:id="07e32cde-d347-4c5d-851b-f0fa29580335" >
				<when expression="#[!isEmpty(vars.dbResponse)]">
					<ee:transform doc:name="Creating Request to GetCountryCapital" doc:id="47083bc3-00fd-45ff-bff1-057aa53c9895">
			<ee:message>
				<ee:set-payload><![CDATA[%dw 2.0
output application/xml
ns ns0 http://www.oorsprong.org/websamples.countryinfo
---
{
	ns0#CapitalCity: {
		ns0#sCountryISOCode: vars.orignalData.countryOfOrigin
	}
}]]></ee:set-payload>
			</ee:message>
		</ee:transform>
					<flow-ref doc:name="Flow Reference getCountryCapital" doc:id="81108e7b-a6ce-44aa-9258-a690fd856a05" name="getCountryCapital" />
					<ee:transform doc:name="Create SFDC Request" doc:id="e97b5834-cc4f-4f47-bbaf-09dffc4773c5">
			<ee:message>
				<ee:set-payload><![CDATA[%dw 2.0
output application/java
ns ns0 http://www.oorsprong.org/websamples.countryinfo
---
[{
	countryCapital__c: payload.body.ns0#CapitalCityResponse.ns0#CapitalCityResult,
	customerId__c : vars.dbResponse.id,
	OrderId__c : vars.orderId
}]]]></ee:set-payload>
			</ee:message>
		</ee:transform>
					<flow-ref doc:name="Flow Reference upsertOrderInfo" doc:id="63ab60b9-1e5a-403f-bbd1-fd3270ae37c9" name="upsertOrderInfo" />
					<choice doc:name="Choice" doc:id="8e783e4f-f87b-453f-879c-53ab6ff03da8" >
						<when expression="#[payload.successful]">
							<logger level="INFO" doc:name="Logger for SFDC Ids" doc:id="acb000cc-f7d5-4766-8ea7-846cedc1bb74" message="#[&quot;Salesforce Created/Updated Success Ids are &quot; ++ (payload.items.*id joinBy ' |||| ')]" />
							<logger level="INFO" doc:name="Logger for SFDC Success" doc:id="870a41c6-a4f0-4c1f-8723-ac380d71b48b" message="#[vars.logDetails] Processing Successful for Order #[vars.orderId]"/>
						</when>
						<otherwise>
							<raise-error doc:name="Raise error of SFDC Error" doc:id="ac89ab79-ea8f-4196-bf5e-2b6771d54ec7" description="#[payload.items.*message joinBy ' |||| ']" type="CUSTOM:DATAERROR" />
						</otherwise>
					</choice>
				</when>
				<otherwise >
					<raise-error doc:name="Raise error on Customer Not found" doc:id="c17b312a-9613-4eb2-b75a-262a9621ab51" type="CUSTOM:DATAERROR" description="Customer was not found in DB"/>
				</otherwise>
			</choice>
			<logger level="INFO" doc:name="Logger for Process Completion for Oder" doc:id="e703b672-086d-4e14-b2a3-9184a1b2ecf0" message="#[vars.logDetails] Processing Completed for Order #[vars.orderId]"/>
				<error-handler ref="errorHandlingError_Handler" />
			</try>
		</foreach>
	</sub-flow>

</mule>
