<?xml version="1.0" encoding="UTF-8"?>

<mule xmlns:wsc="http://www.mulesoft.org/schema/mule/wsc" xmlns:http="http://www.mulesoft.org/schema/mule/http"
	xmlns:salesforce="http://www.mulesoft.org/schema/mule/salesforce"
	xmlns="http://www.mulesoft.org/schema/mule/core" xmlns:doc="http://www.mulesoft.org/schema/mule/documentation" xmlns:xsi="http://www.w3.org/2001/XMLSchema-instance" xsi:schemaLocation="http://www.mulesoft.org/schema/mule/core http://www.mulesoft.org/schema/mule/core/current/mule.xsd
http://www.mulesoft.org/schema/mule/salesforce http://www.mulesoft.org/schema/mule/salesforce/current/mule-salesforce.xsd
http://www.mulesoft.org/schema/mule/http http://www.mulesoft.org/schema/mule/http/current/mule-http.xsd
http://www.mulesoft.org/schema/mule/wsc http://www.mulesoft.org/schema/mule/wsc/current/mule-wsc.xsd">
	<sub-flow name="getCountryCapital" doc:id="4347f09e-f998-4040-84ca-9cb9cfd0c045" >
		<logger level="INFO" doc:name="Logger" doc:id="ba56c918-c042-4b73-9f34-0fe6bfcaf3d6" message="#[vars.logDetails] Country Capital Lookup Started for Order #[vars.orderId]"/>
		<wsc:consume operation="CapitalCity" doc:name="Consume" doc:id="763e1629-c518-4936-80d6-9dc3a7e558f9" config-ref="Web_Service_Consumer_Config" />
		<logger level="INFO" doc:name="Logger" doc:id="07486958-9c15-4ae8-96dd-03970c4cbef4" message="#[vars.logDetails] Country Capital Lookup Completed for Order #[vars.orderId]"/>
	</sub-flow>
	<sub-flow name="getCustomerId" doc:id="a1684b27-b5e8-47b4-8e31-4784912ad2f1" >
		<logger level="INFO" doc:name="Logger" doc:id="9fc2ff63-2d49-4d3e-8ec0-740bb7578152" message="#[vars.logDetails] Customer Id Lookup Started for Order #[vars.orderId]"/>
		<http:request method="POST" doc:name="Request" doc:id="9cdd21fe-7125-40b5-ac4e-bb2a4c90fd45" config-ref="HTTP_Request_configuration" path="/api/query/customer" target="dbResponse" responseTimeout="180000" outputMimeType="application/json">
			<http:body><![CDATA[#[vars.dbRequest]]]></http:body>
			<http:headers><![CDATA[#[output application/java
---
{
	"global-correlation-id" : vars.logDetails.correlationId,
	"client_secret" : "bC0b23a2E44D4740b0EcD54dE90D52b4",
	"client_id" : "187abc5eff924b758ceaeca22025f2b5"
}]]]></http:headers>
		
</http:request>
		<logger level="INFO" doc:name="Logger" doc:id="c091b93b-9d20-4d83-8115-a614770747e6" message="#[vars.logDetails] Customer Id Lookup Completed for Order #[vars.orderId]"/>
	</sub-flow>
	<sub-flow name="upsertOrderInfo" doc:id="a0388be1-773f-428a-bb20-c2f9f136b6be" >
		<logger level="INFO" doc:name="Logger" doc:id="4e7eb65b-371b-4d0c-9e57-16a7882901c9" message="#[vars.logDetails] Salesforce Create/Update Started for Order #[vars.orderId]"/>
		<salesforce:upsert doc:name="Upsert" doc:id="d93347cc-f4dd-4b06-8903-ea25bec06814" config-ref="Salesforce_Config" objectType="orderAnalysis__c" externalIdFieldName="OrderId__c" />
		<logger level="INFO" doc:name="Logger" doc:id="466f0dfc-a2ff-4878-86fe-3da78f440711" message="#[vars.logDetails] Salesforce Create/Update Completed for Order #[vars.orderId]"/>
	</sub-flow>
</mule>
