<?xml version='1.0' encoding='UTF-8'?>
<types:mule xmlns:types="http://www.mulesoft.org/schema/mule/types">
  <types:catalog>
    <types:type name="auto_d9adc720-354d-4a99-bd2b-123b1f50b28b_Input-Variables-httpStatus" format="java">
      <types:shape format="raml" autogeneratedOrigin="0efb5d4d-53b2-42e1-ac76-d42f722bc934"><![CDATA[#%RAML 1.0 DataType
type: string]]></types:shape>
    </types:type>
    <types:type name="auto_d9adc720-354d-4a99-bd2b-123b1f50b28b_Input-Payload" format="json">
      <types:shape format="weave" example="weave/autogenerated/d9adc720-354d-4a99-bd2b-123b1f50b28b/Input-Payload.wev" autogeneratedOrigin="0efb5d4d-53b2-42e1-ac76-d42f722bc934"><![CDATA[%dw 2.0

type auto_d9adc720_354d_4a99_bd2b_123b1f50b28b_Input_Payload = {
  product?: Array<{    quantity: String,     productId: String,     totalPrice: Number,     _?: Any  }>, 
  orderId: String, 
  customerInfo: {
    firstName: String, 
    lastName: String, 
    phoneNumber?: String, 
    mobilePrefix: String, 
    email: String, 
    _?: Any
  }, 
  countryOfOrigin: String, 
  _?: Any
}

]]></types:shape>
    </types:type>
    <types:type name="auto_d9adc720-354d-4a99-bd2b-123b1f50b28b_Input-Attributes" format="java">
      <types:shape format="weave" example="weave/autogenerated/d9adc720-354d-4a99-bd2b-123b1f50b28b/Input-Attributes.wev" autogeneratedOrigin="0efb5d4d-53b2-42e1-ac76-d42f722bc934"><![CDATA[%dw 2.0

type auto_d9adc720_354d_4a99_bd2b_123b1f50b28b_Input_Attributes = {|
  clientCertificate?: {|
    publicKey?: {|  |}, 
    "type"?: String, 
    encoded?: Binary
  |}, 
  headers: {|
    "x-correlation-id": String, 
    "x-source-system"?: String
  |}, 
  listenerPath: String, 
  method: String, 
  queryParams: {|  |}, 
  queryString: String, 
  relativePath: String, 
  remoteAddress: String, 
  requestPath: String, 
  requestUri: String, 
  scheme: String, 
  uriParams: {|  |}, 
  version: String, 
  localAddress: String
|}

]]></types:shape>
    </types:type>
    <types:type name="auto_d9adc720-354d-4a99-bd2b-123b1f50b28b_Output-Variables-httpStatus" format="java">
      <types:shape format="raml" autogeneratedOrigin="0efb5d4d-53b2-42e1-ac76-d42f722bc934"><![CDATA[#%RAML 1.0 DataType
type: string]]></types:shape>
    </types:type>
    <types:type name="auto_d9adc720-354d-4a99-bd2b-123b1f50b28b_Output-Attributes" format="java">
      <types:shape format="weave" example="weave/autogenerated/d9adc720-354d-4a99-bd2b-123b1f50b28b/Output-Attributes.wev" autogeneratedOrigin="0efb5d4d-53b2-42e1-ac76-d42f722bc934"><![CDATA[%dw 2.0

type auto_d9adc720_354d_4a99_bd2b_123b1f50b28b_Output_Attributes = {| messageId: String |} {"typeAlias": "AnypointMQMessagePublishAttributes",
"typeId": "com.mulesoft.extension.mq.api.attributes.AnypointMQMessagePublishAttributes"}

]]></types:shape>
    </types:type>
    <types:type name="auto_d9adc720-354d-4a99-bd2b-123b1f50b28b_Output-Payload" format="json">
      <types:shape format="weave" example="weave/autogenerated/d9adc720-354d-4a99-bd2b-123b1f50b28b/Output-Payload.wev" autogeneratedOrigin="0efb5d4d-53b2-42e1-ac76-d42f722bc934"><![CDATA[%dw 2.0

type auto_d9adc720_354d_4a99_bd2b_123b1f50b28b_Output_Payload = {
  message: String, 
  _?: Any
}

]]></types:shape>
    </types:type>
    <types:type name="auto_d9adc720-354d-4a99-bd2b-123b1f50b28b_Input-Variables-outboundHeaders" format="java">
      <types:shape format="weave" example="weave/autogenerated/d9adc720-354d-4a99-bd2b-123b1f50b28b/Input-Variables-outboundHeaders.wev" autogeneratedOrigin="0efb5d4d-53b2-42e1-ac76-d42f722bc934"><![CDATA[%dw 2.0

type auto_d9adc720_354d_4a99_bd2b_123b1f50b28b_Input_Variables_outboundHeaders = {|  |}

]]></types:shape>
    </types:type>
    <types:type name="auto_d9adc720-354d-4a99-bd2b-123b1f50b28b_Output-Variables-outboundHeaders" format="java">
      <types:shape format="weave" example="weave/autogenerated/d9adc720-354d-4a99-bd2b-123b1f50b28b/Output-Variables-outboundHeaders.wev" autogeneratedOrigin="0efb5d4d-53b2-42e1-ac76-d42f722bc934"><![CDATA[%dw 2.0

type auto_d9adc720_354d_4a99_bd2b_123b1f50b28b_Output_Variables_outboundHeaders = {|  |}

]]></types:shape>
    </types:type>
  </types:catalog>
  <types:enrichment select="#d9adc720-354d-4a99-bd2b-123b1f50b28b">
    <types:processor-declaration>
      <types:input-event>
        <types:message>
          <types:payload type="auto_d9adc720-354d-4a99-bd2b-123b1f50b28b_Input-Payload"/>
          <types:attributes type="auto_d9adc720-354d-4a99-bd2b-123b1f50b28b_Input-Attributes"/>
        </types:message>
        <types:variables>
          <types:variable name="outboundHeaders" type="auto_d9adc720-354d-4a99-bd2b-123b1f50b28b_Input-Variables-outboundHeaders"/>
          <types:variable name="httpStatus" type="auto_d9adc720-354d-4a99-bd2b-123b1f50b28b_Input-Variables-httpStatus"/>
        </types:variables>
      </types:input-event>
      <types:output-event>
        <types:message>
          <types:payload type="auto_d9adc720-354d-4a99-bd2b-123b1f50b28b_Output-Payload"/>
          <types:attributes type="auto_d9adc720-354d-4a99-bd2b-123b1f50b28b_Output-Attributes"/>
        </types:message>
        <types:variables>
          <types:variable name="outboundHeaders" type="auto_d9adc720-354d-4a99-bd2b-123b1f50b28b_Output-Variables-outboundHeaders"/>
          <types:variable name="httpStatus" type="auto_d9adc720-354d-4a99-bd2b-123b1f50b28b_Output-Variables-httpStatus"/>
        </types:variables>
      </types:output-event>
    </types:processor-declaration>
  </types:enrichment>
</types:mule>